{
  "contact": {
    "firstName": "Sarah",
    "lastName": "Birch",
    "email": "amazingwoman@test.com",
    "favoriteColor": "Green",
    "birthday": "12/12/20"
  },
  "contact2": {
    "firstName": "Jimmy",
    "lastName": "Carter",
    "email": "jCarter@test.com",
    "favoriteColor": "Purple",
    "birthday": "07/12/10"
  },
  "contact3": {
    "firstName": "Cassandra",
    "lastName": "Anderson",
    "email": "AndersonC@test.com",
    "favoriteColor": "Yellow",
    "birthday": "02/22/95"
  }
}
