{
  "swagger": "2.0",
  "info": {
    "title": "CSE341 API - Week 4",
    "description": "Contacts API",
    "version": "1.0.0"
  },
  "host": "localhost:3000",
  "basePath": "/",
  "tags": [
    {
      "name": "Contacts",
      "description": "Operations for contacts"
    }
  ],
  "schemes": [
    "http"
  ],
  "consumes": [
    "application/json"
  ],
  "produces": [
    "application/json"
  ],
  "paths": {
    "/api-docs": {
      "get": {
        "description": "",
        "parameters": [],
        "responses": {}
      }
    },
    "/contacts/": {
      "get": {
        "description": "",
        "produces": [
          "application/json"
        ],
        "parameters": [],
        "responses": {
          "200": {
            "description": "OK"
          }
        }
      },
      "post": {
        "description": "",
        "parameters": [
          {
            "name": "body",
            "in": "body",
            "schema": {
              "type": "object",
              "properties": {
                "firstName": {
                  "example": "any"
                },
                "lastName": {
                  "example": "any"
                },
                "email": {
                  "example": "any"
                },
                "favoriteColor": {
                  "example": "any"
                },
                "birthday": {
                  "example": "any"
                }
              }
            }
          }
        ],
        "responses": {
          "201": {
            "description": "Created"
          },
          "500": {
            "description": "Internal Server Error"
          }
        }
      }
    },
    "/contacts/{id}": {
      "get": {
        "description": "",
        "produces": [
          "application/json"
        ],
        "parameters": [
          {
            "name": "id",
            "in": "path",
            "required": true,
            "type": "string"
          }
        ],
        "responses": {
          "200": {
            "description": "OK"
          }
        }
      },
      "put": {
        "description": "",
        "parameters": [
          {
            "name": "id",
            "in": "path",
            "required": true,
            "type": "string"
          },
          {
            "name": "body",
            "in": "body",
            "schema": {
              "type": "object",
              "properties": {
                "firstName": {
                  "example": "any"
                },
                "lastName": {
                  "example": "any"
                },
                "email": {
                  "example": "any"
                },
                "favoriteColor": {
                  "example": "any"
                },
                "birthday": {
                  "example": "any"
                }
              }
            }
          }
        ],
        "responses": {
          "204": {
            "description": "No Content"
          },
          "500": {
            "description": "Internal Server Error"
          }
        }
      },
      "delete": {
        "description": "",
        "parameters": [
          {
            "name": "id",
            "in": "path",
            "required": true,
            "type": "string"
          }
        ],
        "responses": {
          "204": {
            "description": "No Content"
          },
          "500": {
            "description": "Internal Server Error"
          }
        }
      }
    }
  },
  "definitions": {
    "Contact": {
      "type": "object",
      "properties": {
        "firstName": {
          "type": "string",
          "example": "Arturo"
        },
        "lastName": {
          "type": "string",
          "example": "Ocampo"
        },
        "email": {
          "type": "string",
          "example": "arturo@example.com"
        },
        "favoriteColor": {
          "type": "string",
          "example": "Blue"
        },
        "birthday": {
          "type": "string",
          "example": "1990-05-20"
        }
      }
    },
    "ContactInput": {
      "type": "object",
      "properties": {
        "firstName": {
          "type": "string",
          "example": "Arturo"
        },
        "lastName": {
          "type": "string",
          "example": "Ocampo"
        },
        "email": {
          "type": "string",
          "example": "arturo@example.com"
        },
        "favoriteColor": {
          "type": "string",
          "example": "Blue"
        },
        "birthday": {
          "type": "string",
          "example": "1990-05-20"
        }
      },
      "required": [
        "firstName",
        "lastName",
        "email"
      ]
    }
  }
}